{
  "lang":"en",
  "name":"pipeline",
  "version":"0.0.0",
  "spacy_version":">=3.5.0,<3.6.0",
  "description":"",
  "author":"",
  "email":"",
  "url":"",
  "license":"",
  "spacy_git_version":"dec81508d",
  "vectors":{
    "width":0,
    "vectors":0,
    "keys":0,
    "name":null,
    "mode":"default"
  },
  "labels":{
    "tok2vec":[

    ],
    "ner":[
      "B-art",
      "B-eve",
      "B-geo",
      "B-gpe",
      "B-nat",
      "B-org",
      "B-per",
      "B-tim",
      "I-art",
      "I-eve",
      "I-geo",
      "I-gpe",
      "I-nat",
      "I-org",
      "I-per",
      "I-tim"
    ]
  },
  "pipeline":[
    "tok2vec",
    "ner"
  ],
  "components":[
    "tok2vec",
    "ner"
  ],
  "disabled":[

  ],
  "performance":{
    "ents_f":0.7098035881,
    "ents_p":0.7326020184,
    "ents_r":0.6883812979,
    "ents_per_type":{
      "B-geo":{
        "p":0.6930637461,
        "r":0.8858578607,
        "f":0.7776902474
      },
      "B-org":{
        "p":0.642,
        "r":0.4237623762,
        "f":0.5105367793
      },
      "B-per":{
        "p":0.6593328602,
        "r":0.728627451,
        "f":0.6922503726
      },
      "I-per":{
        "p":0.7397078353,
        "r":0.8233555063,
        "f":0.7792934593
      },
      "B-tim":{
        "p":0.8527370856,
        "r":0.7718073971,
        "f":0.8102564103
      },
      "B-gpe":{
        "p":0.8882733149,
        "r":0.8084033613,
        "f":0.846458425
      },
      "I-geo":{
        "p":0.6460348162,
        "r":0.5170278638,
        "f":0.5743766122
      },
      "I-tim":{
        "p":0.8167330677,
        "r":0.4812206573,
        "f":0.6056129985
      },
      "I-org":{
        "p":0.7646293888,
        "r":0.4407796102,
        "f":0.5592011412
      },
      "B-nat":{
        "p":0.0,
        "r":0.0,
        "f":0.0
      },
      "I-nat":{
        "p":0.0,
        "r":0.0,
        "f":0.0
      },
      "I-gpe":{
        "p":0.0,
        "r":0.0,
        "f":0.0
      },
      "B-art":{
        "p":0.0,
        "r":0.0,
        "f":0.0
      },
      "I-art":{
        "p":0.0,
        "r":0.0,
        "f":0.0
      },
      "B-eve":{
        "p":0.0,
        "r":0.0,
        "f":0.0
      },
      "I-eve":{
        "p":0.0,
        "r":0.0,
        "f":0.0
      }
    },
    "tok2vec_loss":2.0075586219,
    "ner_loss":118.6299935466
  }
}